Country,Date,Death
Brazil,2020-01-22,0
Brazil,2020-01-23,0
Brazil,2020-01-24,0
Brazil,2020-01-25,0
Brazil,2020-01-26,0
Brazil,2020-01-27,0
Brazil,2020-01-28,0
Brazil,2020-01-29,0
Brazil,2020-01-30,0
Brazil,2020-01-31,0
Brazil,2020-02-01,0
Brazil,2020-02-02,0
Brazil,2020-02-03,0
Brazil,2020-02-04,0
Brazil,2020-02-05,0
Brazil,2020-02-06,0
Brazil,2020-02-07,0
Brazil,2020-02-08,0
Brazil,2020-02-09,0
Brazil,2020-02-10,0
Brazil,2020-02-11,0
Brazil,2020-02-12,0
Brazil,2020-02-13,0
Brazil,2020-02-14,0
Brazil,2020-02-15,0
Brazil,2020-02-16,0
Brazil,2020-02-17,0
Brazil,2020-02-18,0
Brazil,2020-02-19,0
Brazil,2020-02-20,0
Brazil,2020-02-21,0
Brazil,2020-02-22,0
Brazil,2020-02-23,0
Brazil,2020-02-24,0
Brazil,2020-02-25,0
Brazil,2020-02-26,0
Brazil,2020-02-27,0
Brazil,2020-02-28,0
Brazil,2020-02-29,0
Brazil,2020-03-01,0
Brazil,2020-03-02,0
Brazil,2020-03-03,0
Brazil,2020-03-04,0
Brazil,2020-03-05,0
Brazil,2020-03-06,0
Brazil,2020-03-07,0
Brazil,2020-03-08,0
Brazil,2020-03-09,0
Brazil,2020-03-10,0
Brazil,2020-03-11,0
Brazil,2020-03-12,0
Brazil,2020-03-13,0
Brazil,2020-03-14,0
Brazil,2020-03-15,0
Brazil,2020-03-16,0
Brazil,2020-03-17,1
Brazil,2020-03-18,3
Brazil,2020-03-19,6
Brazil,2020-03-20,11
Brazil,2020-03-21,15
Brazil,2020-03-22,25
Brazil,2020-03-23,34
Brazil,2020-03-24,46
Brazil,2020-03-25,59
Brazil,2020-03-26,77
Brazil,2020-03-27,92
Brazil,2020-03-28,111
Brazil,2020-03-29,136
Brazil,2020-03-30,159
Brazil,2020-03-31,201
Brazil,2020-04-01,240
Brazil,2020-04-02,324
Brazil,2020-04-03,359
Brazil,2020-04-04,445
Brazil,2020-04-05,486
Brazil,2020-04-06,564
Brazil,2020-04-07,686
Brazil,2020-04-08,819
Brazil,2020-04-09,950
Brazil,2020-04-10,1057
Brazil,2020-04-11,1124
Brazil,2020-04-12,1223
Brazil,2020-04-13,1328
Brazil,2020-04-14,1532
Brazil,2020-04-15,1736
Brazil,2020-04-16,1924
Brazil,2020-04-17,2141
Brazil,2020-04-18,2354
Brazil,2020-04-19,2462
Brazil,2020-04-20,2587
Brazil,2020-04-21,2741
Brazil,2020-04-22,2906
Brazil,2020-04-23,3331
Brazil,2020-04-24,3704
Brazil,2020-04-25,4057
Brazil,2020-04-26,4286
Brazil,2020-04-27,4603
Brazil,2020-04-28,5083
Brazil,2020-04-29,5513
Brazil,2020-04-30,6006
Brazil,2020-05-01,6412
Brazil,2020-05-02,6761
Brazil,2020-05-03,7051
Brazil,2020-05-04,7367
Brazil,2020-05-05,7938
Brazil,2020-05-06,8588
Brazil,2020-05-07,9190
Brazil,2020-05-08,10017
Brazil,2020-05-09,10656
Brazil,2020-05-10,11123
Brazil,2020-05-11,11653
Brazil,2020-05-12,12461
Brazil,2020-05-13,13240
Brazil,2020-05-14,13999
Brazil,2020-05-15,14962
Brazil,2020-05-16,15662
Brazil,2020-05-17,16118
Brazil,2020-05-18,16853
Brazil,2020-05-19,17983
Brazil,2020-05-20,19059
Brazil,2020-05-21,20128
Brazil,2020-05-22,21159
Brazil,2020-05-23,22205
Brazil,2020-05-24,22863
Brazil,2020-05-25,23590
Brazil,2020-05-26,24644
Brazil,2020-05-27,25705
Brazil,2020-05-28,26895
Brazil,2020-05-29,28032
Brazil,2020-05-30,28896
Brazil,2020-05-31,29367
Brazil,2020-06-01,30108
Brazil,2020-06-02,31473
Brazil,2020-06-03,32667
Brazil,2020-06-04,34177
Brazil,2020-06-05,35253
Brazil,2020-06-06,36054
Brazil,2020-06-07,36530
Brazil,2020-06-08,37393
Brazil,2020-06-09,38586
Brazil,2020-06-10,39824
Brazil,2020-06-11,41092
Brazil,2020-06-12,41935
Brazil,2020-06-13,42792
Brazil,2020-06-14,43426
Brazil,2020-06-15,44190
Brazil,2020-06-16,45522
Brazil,2020-06-17,46707
Brazil,2020-06-18,47946
Brazil,2020-06-19,49118
Brazil,2020-06-20,50100
Brazil,2020-06-21,50683
Brazil,2020-06-22,51445
Brazil,2020-06-23,52851
Brazil,2020-06-24,53955
Brazil,2020-06-25,55135
Brazil,2020-06-26,56128
Brazil,2020-06-27,57159
Germany,2020-01-22,0
Germany,2020-01-23,0
Germany,2020-01-24,0
Germany,2020-01-25,0
Germany,2020-01-26,0
Germany,2020-01-27,0
Germany,2020-01-28,0
Germany,2020-01-29,0
Germany,2020-01-30,0
Germany,2020-01-31,0
Germany,2020-02-01,0
Germany,2020-02-02,0
Germany,2020-02-03,0
Germany,2020-02-04,0
Germany,2020-02-05,0
Germany,2020-02-06,0
Germany,2020-02-07,0
Germany,2020-02-08,0
Germany,2020-02-09,0
Germany,2020-02-10,0
Germany,2020-02-11,0
Germany,2020-02-12,0
Germany,2020-02-13,0
Germany,2020-02-14,0
Germany,2020-02-15,0
Germany,2020-02-16,0
Germany,2020-02-17,0
Germany,2020-02-18,0
Germany,2020-02-19,0
Germany,2020-02-20,0
Germany,2020-02-21,0
Germany,2020-02-22,0
Germany,2020-02-23,0
Germany,2020-02-24,0
Germany,2020-02-25,0
Germany,2020-02-26,0
Germany,2020-02-27,0
Germany,2020-02-28,0
Germany,2020-02-29,0
Germany,2020-03-01,0
Germany,2020-03-02,0
Germany,2020-03-03,0
Germany,2020-03-04,0
Germany,2020-03-05,0
Germany,2020-03-06,0
Germany,2020-03-07,0
Germany,2020-03-08,0
Germany,2020-03-09,2
Germany,2020-03-10,2
Germany,2020-03-11,3
Germany,2020-03-12,5
Germany,2020-03-13,5
Germany,2020-03-14,8
Germany,2020-03-15,12
Germany,2020-03-16,12
Germany,2020-03-17,12
Germany,2020-03-18,12
Germany,2020-03-19,20
Germany,2020-03-20,31
Germany,2020-03-21,47
Germany,2020-03-22,55
Germany,2020-03-23,86
Germany,2020-03-24,114
Germany,2020-03-25,149
Germany,2020-03-26,198
Germany,2020-03-27,253
Germany,2020-03-28,325
Germany,2020-03-29,389
Germany,2020-03-30,455
Germany,2020-03-31,583
Germany,2020-04-01,732
Germany,2020-04-02,872
Germany,2020-04-03,1017
Germany,2020-04-04,1158
Germany,2020-04-05,1342
Germany,2020-04-06,1434
Germany,2020-04-07,1607
Germany,2020-04-08,1861
Germany,2020-04-09,2107
Germany,2020-04-10,2373
Germany,2020-04-11,2544
Germany,2020-04-12,2673
Germany,2020-04-13,2799
Germany,2020-04-14,2969
Germany,2020-04-15,3254
Germany,2020-04-16,3569
Germany,2020-04-17,3868
Germany,2020-04-18,4110
Germany,2020-04-19,4294
Germany,2020-04-20,4404
Germany,2020-04-21,4598
Germany,2020-04-22,4879
Germany,2020-04-23,5094
Germany,2020-04-24,5321
Germany,2020-04-25,5500
Germany,2020-04-26,5640
Germany,2020-04-27,5750
Germany,2020-04-28,5913
Germany,2020-04-29,6115
Germany,2020-04-30,6288
Germany,2020-05-01,6481
Germany,2020-05-02,6575
Germany,2020-05-03,6649
Germany,2020-05-04,6692
Germany,2020-05-05,6831
Germany,2020-05-06,6996
Germany,2020-05-07,7119
Germany,2020-05-08,7266
Germany,2020-05-09,7369
Germany,2020-05-10,7395
Germany,2020-05-11,7417
Germany,2020-05-12,7533
Germany,2020-05-13,7634
Germany,2020-05-14,7723
Germany,2020-05-15,7824
Germany,2020-05-16,7881
Germany,2020-05-17,7914
Germany,2020-05-18,7935
Germany,2020-05-19,8007
Germany,2020-05-20,8090
Germany,2020-05-21,8147
Germany,2020-05-22,8174
Germany,2020-05-23,8216
Germany,2020-05-24,8247
Germany,2020-05-25,8257
Germany,2020-05-26,8302
Germany,2020-05-27,8349
Germany,2020-05-28,8411
Germany,2020-05-29,8450
Germany,2020-05-30,8489
Germany,2020-05-31,8500
Germany,2020-06-01,8511
Germany,2020-06-02,8522
Germany,2020-06-03,8551
Germany,2020-06-04,8581
Germany,2020-06-05,8613
Germany,2020-06-06,8646
Germany,2020-06-07,8668
Germany,2020-06-08,8674
Germany,2020-06-09,8711
Germany,2020-06-10,8729
Germany,2020-06-11,8755
Germany,2020-06-12,8763
Germany,2020-06-13,8781
Germany,2020-06-14,8787
Germany,2020-06-15,8791
Germany,2020-06-16,8800
Germany,2020-06-17,8830
Germany,2020-06-18,8856
Germany,2020-06-19,8872
Germany,2020-06-20,8883
Germany,2020-06-21,8882
Germany,2020-06-22,8885
Germany,2020-06-23,8895
Germany,2020-06-24,8914
Germany,2020-06-25,8927
Germany,2020-06-26,8948
Germany,2020-06-27,8954
Italy,2020-01-22,0
Italy,2020-01-23,0
Italy,2020-01-24,0
Italy,2020-01-25,0
Italy,2020-01-26,0
Italy,2020-01-27,0
Italy,2020-01-28,0
Italy,2020-01-29,0
Italy,2020-01-30,0
Italy,2020-01-31,0
Italy,2020-02-01,0
Italy,2020-02-02,0
Italy,2020-02-03,0
Italy,2020-02-04,0
Italy,2020-02-05,0
Italy,2020-02-06,0
Italy,2020-02-07,0
Italy,2020-02-08,0
Italy,2020-02-09,0
Italy,2020-02-10,0
Italy,2020-02-11,0
Italy,2020-02-12,0
Italy,2020-02-13,0
Italy,2020-02-14,0
Italy,2020-02-15,0
Italy,2020-02-16,0
Italy,2020-02-17,0
Italy,2020-02-18,0
Italy,2020-02-19,0
Italy,2020-02-20,0
Italy,2020-02-21,1
Italy,2020-02-22,2
Italy,2020-02-23,3
Italy,2020-02-24,7
Italy,2020-02-25,10
Italy,2020-02-26,12
Italy,2020-02-27,17
Italy,2020-02-28,21
Italy,2020-02-29,29
Italy,2020-03-01,34
Italy,2020-03-02,52
Italy,2020-03-03,79
Italy,2020-03-04,107
Italy,2020-03-05,148
Italy,2020-03-06,197
Italy,2020-03-07,233
Italy,2020-03-08,366
Italy,2020-03-09,463
Italy,2020-03-10,631
Italy,2020-03-11,827
Italy,2020-03-12,1016
Italy,2020-03-13,1266
Italy,2020-03-14,1441
Italy,2020-03-15,1809
Italy,2020-03-16,2158
Italy,2020-03-17,2503
Italy,2020-03-18,2978
Italy,2020-03-19,3405
Italy,2020-03-20,4032
Italy,2020-03-21,4825
Italy,2020-03-22,5476
Italy,2020-03-23,6077
Italy,2020-03-24,6820
Italy,2020-03-25,7503
Italy,2020-03-26,8215
Italy,2020-03-27,9134
Italy,2020-03-28,10023
Italy,2020-03-29,10779
Italy,2020-03-30,11591
Italy,2020-03-31,12428
Italy,2020-04-01,13155
Italy,2020-04-02,13915
Italy,2020-04-03,14681
Italy,2020-04-04,15362
Italy,2020-04-05,15887
Italy,2020-04-06,16523
Italy,2020-04-07,17127
Italy,2020-04-08,17669
Italy,2020-04-09,18279
Italy,2020-04-10,18849
Italy,2020-04-11,19468
Italy,2020-04-12,19899
Italy,2020-04-13,20465
Italy,2020-04-14,21067
Italy,2020-04-15,21645
Italy,2020-04-16,22170
Italy,2020-04-17,22745
Italy,2020-04-18,23227
Italy,2020-04-19,23660
Italy,2020-04-20,24114
Italy,2020-04-21,24648
Italy,2020-04-22,25085
Italy,2020-04-23,25549
Italy,2020-04-24,25969
Italy,2020-04-25,26384
Italy,2020-04-26,26644
Italy,2020-04-27,26977
Italy,2020-04-28,27359
Italy,2020-04-29,27682
Italy,2020-04-30,27967
Italy,2020-05-01,28236
Italy,2020-05-02,28710
Italy,2020-05-03,28884
Italy,2020-05-04,29079
Italy,2020-05-05,29315
Italy,2020-05-06,29684
Italy,2020-05-07,29958
Italy,2020-05-08,30201
Italy,2020-05-09,30395
Italy,2020-05-10,30560
Italy,2020-05-11,30739
Italy,2020-05-12,30911
Italy,2020-05-13,31106
Italy,2020-05-14,31368
Italy,2020-05-15,31610
Italy,2020-05-16,31763
Italy,2020-05-17,31908
Italy,2020-05-18,32007
Italy,2020-05-19,32169
Italy,2020-05-20,32330
Italy,2020-05-21,32486
Italy,2020-05-22,32616
Italy,2020-05-23,32735
Italy,2020-05-24,32785
Italy,2020-05-25,32877
Italy,2020-05-26,32955
Italy,2020-05-27,33072
Italy,2020-05-28,33142
Italy,2020-05-29,33229
Italy,2020-05-30,33340
Italy,2020-05-31,33415
Italy,2020-06-01,33475
Italy,2020-06-02,33530
Italy,2020-06-03,33601
Italy,2020-06-04,33689
Italy,2020-06-05,33774
Italy,2020-06-06,33846
Italy,2020-06-07,33899
Italy,2020-06-08,33964
Italy,2020-06-09,34043
Italy,2020-06-10,34114
Italy,2020-06-11,34167
Italy,2020-06-12,34223
Italy,2020-06-13,34301
Italy,2020-06-14,34345
Italy,2020-06-15,34371
Italy,2020-06-16,34405
Italy,2020-06-17,34448
Italy,2020-06-18,34514
Italy,2020-06-19,34561
Italy,2020-06-20,34610
Italy,2020-06-21,34634
Italy,2020-06-22,34657
Italy,2020-06-23,34675
Italy,2020-06-24,34644
Italy,2020-06-25,34678
Italy,2020-06-26,34708
Italy,2020-06-27,34716
Spain,2020-01-22,0
Spain,2020-01-23,0
Spain,2020-01-24,0
Spain,2020-01-25,0
Spain,2020-01-26,0
Spain,2020-01-27,0
Spain,2020-01-28,0
Spain,2020-01-29,0
Spain,2020-01-30,0
Spain,2020-01-31,0
Spain,2020-02-01,0
Spain,2020-02-02,0
Spain,2020-02-03,0
Spain,2020-02-04,0
Spain,2020-02-05,0
Spain,2020-02-06,0
Spain,2020-02-07,0
Spain,2020-02-08,0
Spain,2020-02-09,0
Spain,2020-02-10,0
Spain,2020-02-11,0
Spain,2020-02-12,0
Spain,2020-02-13,0
Spain,2020-02-14,0
Spain,2020-02-15,0
Spain,2020-02-16,0
Spain,2020-02-17,0
Spain,2020-02-18,0
Spain,2020-02-19,0
Spain,2020-02-20,0
Spain,2020-02-21,0
Spain,2020-02-22,0
Spain,2020-02-23,0
Spain,2020-02-24,0
Spain,2020-02-25,0
Spain,2020-02-26,0
Spain,2020-02-27,0
Spain,2020-02-28,0
Spain,2020-02-29,0
Spain,2020-03-01,0
Spain,2020-03-02,0
Spain,2020-03-03,1
Spain,2020-03-04,2
Spain,2020-03-05,3
Spain,2020-03-06,5
Spain,2020-03-07,10
Spain,2020-03-08,17
Spain,2020-03-09,28
Spain,2020-03-10,35
Spain,2020-03-11,54
Spain,2020-03-12,55
Spain,2020-03-13,133
Spain,2020-03-14,195
Spain,2020-03-15,289
Spain,2020-03-16,342
Spain,2020-03-17,533
Spain,2020-03-18,623
Spain,2020-03-19,830
Spain,2020-03-20,1043
Spain,2020-03-21,1375
Spain,2020-03-22,1772
Spain,2020-03-23,2311
Spain,2020-03-24,2808
Spain,2020-03-25,3647
Spain,2020-03-26,4365
Spain,2020-03-27,5138
Spain,2020-03-28,5982
Spain,2020-03-29,6803
Spain,2020-03-30,7716
Spain,2020-03-31,8464
Spain,2020-04-01,9387
Spain,2020-04-02,10348
Spain,2020-04-03,11198
Spain,2020-04-04,11947
Spain,2020-04-05,12641
Spain,2020-04-06,13341
Spain,2020-04-07,14045
Spain,2020-04-08,14792
Spain,2020-04-09,15447
Spain,2020-04-10,16081
Spain,2020-04-11,16606
Spain,2020-04-12,17209
Spain,2020-04-13,17756
Spain,2020-04-14,18056
Spain,2020-04-15,18708
Spain,2020-04-16,19315
Spain,2020-04-17,20002
Spain,2020-04-18,20043
Spain,2020-04-19,20453
Spain,2020-04-20,20852
Spain,2020-04-21,21282
Spain,2020-04-22,21717
Spain,2020-04-23,22157
Spain,2020-04-24,22524
Spain,2020-04-25,22902
Spain,2020-04-26,23190
Spain,2020-04-27,23521
Spain,2020-04-28,23822
Spain,2020-04-29,24275
Spain,2020-04-30,24543
Spain,2020-05-01,24543
Spain,2020-05-02,25100
Spain,2020-05-03,25264
Spain,2020-05-04,25428
Spain,2020-05-05,25613
Spain,2020-05-06,25857
Spain,2020-05-07,26070
Spain,2020-05-08,26299
Spain,2020-05-09,26478
Spain,2020-05-10,26621
Spain,2020-05-11,26744
Spain,2020-05-12,26920
Spain,2020-05-13,27104
Spain,2020-05-14,27321
Spain,2020-05-15,27459
Spain,2020-05-16,27563
Spain,2020-05-17,27563
Spain,2020-05-18,27709
Spain,2020-05-19,27778
Spain,2020-05-20,27888
Spain,2020-05-21,27940
Spain,2020-05-22,28628
Spain,2020-05-23,28678
Spain,2020-05-24,28752
Spain,2020-05-25,26834
Spain,2020-05-26,27117
Spain,2020-05-27,27117
Spain,2020-05-28,27119
Spain,2020-05-29,27121
Spain,2020-05-30,27125
Spain,2020-05-31,27127
Spain,2020-06-01,27127
Spain,2020-06-02,27127
Spain,2020-06-03,27128
Spain,2020-06-04,27133
Spain,2020-06-05,27134
Spain,2020-06-06,27135
Spain,2020-06-07,27136
Spain,2020-06-08,27136
Spain,2020-06-09,27136
Spain,2020-06-10,27136
Spain,2020-06-11,27136
Spain,2020-06-12,27136
Spain,2020-06-13,27136
Spain,2020-06-14,27136
Spain,2020-06-15,27136
Spain,2020-06-16,27136
Spain,2020-06-17,27136
Spain,2020-06-18,27136
Spain,2020-06-19,28315
Spain,2020-06-20,28322
Spain,2020-06-21,28323
Spain,2020-06-22,28324
Spain,2020-06-23,28325
Spain,2020-06-24,28327
Spain,2020-06-25,28330
Spain,2020-06-26,28338
Spain,2020-06-27,28341
United Kingdom,2020-01-22,0
United Kingdom,2020-01-23,0
United Kingdom,2020-01-24,0
United Kingdom,2020-01-25,0
United Kingdom,2020-01-26,0
United Kingdom,2020-01-27,0
United Kingdom,2020-01-28,0
United Kingdom,2020-01-29,0
United Kingdom,2020-01-30,0
United Kingdom,2020-01-31,0
United Kingdom,2020-02-01,0
United Kingdom,2020-02-02,0
United Kingdom,2020-02-03,0
United Kingdom,2020-02-04,0
United Kingdom,2020-02-05,0
United Kingdom,2020-02-06,0
United Kingdom,2020-02-07,0
United Kingdom,2020-02-08,0
United Kingdom,2020-02-09,0
United Kingdom,2020-02-10,0
United Kingdom,2020-02-11,0
United Kingdom,2020-02-12,0
United Kingdom,2020-02-13,0
United Kingdom,2020-02-14,0
United Kingdom,2020-02-15,0
United Kingdom,2020-02-16,0
United Kingdom,2020-02-17,0
United Kingdom,2020-02-18,0
United Kingdom,2020-02-19,0
United Kingdom,2020-02-20,0
United Kingdom,2020-02-21,0
United Kingdom,2020-02-22,0
United Kingdom,2020-02-23,0
United Kingdom,2020-02-24,0
United Kingdom,2020-02-25,0
United Kingdom,2020-02-26,0
United Kingdom,2020-02-27,0
United Kingdom,2020-02-28,0
United Kingdom,2020-02-29,0
United Kingdom,2020-03-01,0
United Kingdom,2020-03-02,0
United Kingdom,2020-03-03,0
United Kingdom,2020-03-04,0
United Kingdom,2020-03-05,0
United Kingdom,2020-03-06,1
United Kingdom,2020-03-07,2
United Kingdom,2020-03-08,2
United Kingdom,2020-03-09,3
United Kingdom,2020-03-10,7
United Kingdom,2020-03-11,7
United Kingdom,2020-03-12,9
United Kingdom,2020-03-13,10
United Kingdom,2020-03-14,29
United Kingdom,2020-03-15,43
United Kingdom,2020-03-16,66
United Kingdom,2020-03-17,83
United Kingdom,2020-03-18,118
United Kingdom,2020-03-19,164
United Kingdom,2020-03-20,196
United Kingdom,2020-03-21,254
United Kingdom,2020-03-22,289
United Kingdom,2020-03-23,365
United Kingdom,2020-03-24,513
United Kingdom,2020-03-25,704
United Kingdom,2020-03-26,885
United Kingdom,2020-03-27,1174
United Kingdom,2020-03-28,1466
United Kingdom,2020-03-29,1678
United Kingdom,2020-03-30,2054
United Kingdom,2020-03-31,2457
United Kingdom,2020-04-01,3130
United Kingdom,2020-04-02,3787
United Kingdom,2020-04-03,4524
United Kingdom,2020-04-04,5281
United Kingdom,2020-04-05,5883
United Kingdom,2020-04-06,6452
United Kingdom,2020-04-07,7559
United Kingdom,2020-04-08,8590
United Kingdom,2020-04-09,9709
United Kingdom,2020-04-10,10832
United Kingdom,2020-04-11,11677
United Kingdom,2020-04-12,12334
United Kingdom,2020-04-13,13060
United Kingdom,2020-04-14,14137
United Kingdom,2020-04-15,15019
United Kingdom,2020-04-16,16059
United Kingdom,2020-04-17,16973
United Kingdom,2020-04-18,18083
United Kingdom,2020-04-19,18517
United Kingdom,2020-04-20,19091
United Kingdom,2020-04-21,20315
United Kingdom,2020-04-22,21171
United Kingdom,2020-04-23,21854
United Kingdom,2020-04-24,22872
United Kingdom,2020-04-25,23689
United Kingdom,2020-04-26,24053
United Kingdom,2020-04-27,24376
United Kingdom,2020-04-28,25346
United Kingdom,2020-04-29,26115
United Kingdom,2020-04-30,26750
United Kingdom,2020-05-01,27449
United Kingdom,2020-05-02,28036
United Kingdom,2020-05-03,28290
United Kingdom,2020-05-04,28564
United Kingdom,2020-05-05,29290
United Kingdom,2020-05-06,29937
United Kingdom,2020-05-07,30395
United Kingdom,2020-05-08,30975
United Kingdom,2020-05-09,31250
United Kingdom,2020-05-10,31467
United Kingdom,2020-05-11,31655
United Kingdom,2020-05-12,32270
United Kingdom,2020-05-13,32717
United Kingdom,2020-05-14,33071
United Kingdom,2020-05-15,33422
United Kingdom,2020-05-16,33833
United Kingdom,2020-05-17,33900
United Kingdom,2020-05-18,34046
United Kingdom,2020-05-19,34546
United Kingdom,2020-05-20,34874
United Kingdom,2020-05-21,35148
United Kingdom,2020-05-22,35440
United Kingdom,2020-05-23,35660
United Kingdom,2020-05-24,36039
United Kingdom,2020-05-25,36143
United Kingdom,2020-05-26,36274
United Kingdom,2020-05-27,36696
United Kingdom,2020-05-28,37039
United Kingdom,2020-05-29,37313
United Kingdom,2020-05-30,37467
United Kingdom,2020-05-31,37527
United Kingdom,2020-06-01,37613
United Kingdom,2020-06-02,37862
United Kingdom,2020-06-03,38116
United Kingdom,2020-06-04,38247
United Kingdom,2020-06-05,38505
United Kingdom,2020-06-06,38648
United Kingdom,2020-06-07,38702
United Kingdom,2020-06-08,38749
United Kingdom,2020-06-09,38944
United Kingdom,2020-06-10,39108
United Kingdom,2020-06-11,39184
United Kingdom,2020-06-12,39315
United Kingdom,2020-06-13,39422
United Kingdom,2020-06-14,39449
United Kingdom,2020-06-15,39478
United Kingdom,2020-06-16,39598
United Kingdom,2020-06-17,39708
United Kingdom,2020-06-18,39775
United Kingdom,2020-06-19,39859
United Kingdom,2020-06-20,39930
United Kingdom,2020-06-21,39962
United Kingdom,2020-06-22,39976
United Kingdom,2020-06-23,40070
United Kingdom,2020-06-24,40157
United Kingdom,2020-06-25,40256
United Kingdom,2020-06-26,40333
United Kingdom,2020-06-27,40373
China,2020-01-22,17
China,2020-01-23,18
China,2020-01-24,26
China,2020-01-25,42
China,2020-01-26,56
China,2020-01-27,82
China,2020-01-28,131
China,2020-01-29,133
China,2020-01-30,171
China,2020-01-31,213
China,2020-02-01,259
China,2020-02-02,361
China,2020-02-03,425
China,2020-02-04,491
China,2020-02-05,563
China,2020-02-06,633
China,2020-02-07,718
China,2020-02-08,805
China,2020-02-09,905
China,2020-02-10,1012
China,2020-02-11,1112
China,2020-02-12,1117
China,2020-02-13,1369
China,2020-02-14,1521
China,2020-02-15,1663
China,2020-02-16,1766
China,2020-02-17,1864
China,2020-02-18,2003
China,2020-02-19,2116
China,2020-02-20,2238
China,2020-02-21,2238
China,2020-02-22,2443
China,2020-02-23,2445
China,2020-02-24,2595
China,2020-02-25,2665
China,2020-02-26,2717
China,2020-02-27,2746
China,2020-02-28,2790
China,2020-02-29,2837
China,2020-03-01,2872
China,2020-03-02,2914
China,2020-03-03,2947
China,2020-03-04,2983
China,2020-03-05,3015
China,2020-03-06,3044
China,2020-03-07,3072
China,2020-03-08,3100
China,2020-03-09,3123
China,2020-03-10,3139
China,2020-03-11,3161
China,2020-03-12,3172
China,2020-03-13,3180
China,2020-03-14,3193
China,2020-03-15,3203
China,2020-03-16,3217
China,2020-03-17,3230
China,2020-03-18,3241
China,2020-03-19,3249
China,2020-03-20,3253
China,2020-03-21,3259
China,2020-03-22,3274
China,2020-03-23,3274
China,2020-03-24,3281
China,2020-03-25,3285
China,2020-03-26,3291
China,2020-03-27,3296
China,2020-03-28,3299
China,2020-03-29,3304
China,2020-03-30,3308
China,2020-03-31,3309
China,2020-04-01,3316
China,2020-04-02,3322
China,2020-04-03,3326
China,2020-04-04,3330
China,2020-04-05,3333
China,2020-04-06,3335
China,2020-04-07,3335
China,2020-04-08,3337
China,2020-04-09,3339
China,2020-04-10,3340
China,2020-04-11,3343
China,2020-04-12,3343
China,2020-04-13,3345
China,2020-04-14,3345
China,2020-04-15,3346
China,2020-04-16,3346
China,2020-04-17,4636
China,2020-04-18,4636
China,2020-04-19,4636
China,2020-04-20,4636
China,2020-04-21,4636
China,2020-04-22,4636
China,2020-04-23,4636
China,2020-04-24,4636
China,2020-04-25,4636
China,2020-04-26,4637
China,2020-04-27,4637
China,2020-04-28,4637
China,2020-04-29,4637
China,2020-04-30,4637
China,2020-05-01,4637
China,2020-05-02,4637
China,2020-05-03,4637
China,2020-05-04,4637
China,2020-05-05,4637
China,2020-05-06,4637
China,2020-05-07,4637
China,2020-05-08,4637
China,2020-05-09,4637
China,2020-05-10,4637
China,2020-05-11,4637
China,2020-05-12,4637
China,2020-05-13,4637
China,2020-05-14,4637
China,2020-05-15,4637
China,2020-05-16,4638
China,2020-05-17,4638
China,2020-05-18,4638
China,2020-05-19,4638
China,2020-05-20,4638
China,2020-05-21,4638
China,2020-05-22,4638
China,2020-05-23,4638
China,2020-05-24,4638
China,2020-05-25,4638
China,2020-05-26,4638
China,2020-05-27,4638
China,2020-05-28,4638
China,2020-05-29,4638
China,2020-05-30,4638
China,2020-05-31,4638
China,2020-06-01,4638
China,2020-06-02,4638
China,2020-06-03,4638
China,2020-06-04,4638
China,2020-06-05,4638
China,2020-06-06,4638
China,2020-06-07,4638
China,2020-06-08,4638
China,2020-06-09,4638
China,2020-06-10,4638
China,2020-06-11,4638
China,2020-06-12,4638
China,2020-06-13,4638
China,2020-06-14,4638
China,2020-06-15,4638
China,2020-06-16,4638
China,2020-06-17,4638
China,2020-06-18,4638
China,2020-06-19,4638
China,2020-06-20,4638
China,2020-06-21,4639
China,2020-06-22,4639
China,2020-06-23,4640
China,2020-06-24,4640
China,2020-06-25,4641
China,2020-06-26,4641
China,2020-06-27,4641
India,2020-01-22,0
India,2020-01-23,0
India,2020-01-24,0
India,2020-01-25,0
India,2020-01-26,0
India,2020-01-27,0
India,2020-01-28,0
India,2020-01-29,0
India,2020-01-30,0
India,2020-01-31,0
India,2020-02-01,0
India,2020-02-02,0
India,2020-02-03,0
India,2020-02-04,0
India,2020-02-05,0
India,2020-02-06,0
India,2020-02-07,0
India,2020-02-08,0
India,2020-02-09,0
India,2020-02-10,0
India,2020-02-11,0
India,2020-02-12,0
India,2020-02-13,0
India,2020-02-14,0
India,2020-02-15,0
India,2020-02-16,0
India,2020-02-17,0
India,2020-02-18,0
India,2020-02-19,0
India,2020-02-20,0
India,2020-02-21,0
India,2020-02-22,0
India,2020-02-23,0
India,2020-02-24,0
India,2020-02-25,0
India,2020-02-26,0
India,2020-02-27,0
India,2020-02-28,0
India,2020-02-29,0
India,2020-03-01,0
India,2020-03-02,0
India,2020-03-03,0
India,2020-03-04,0
India,2020-03-05,0
India,2020-03-06,0
India,2020-03-07,0
India,2020-03-08,0
India,2020-03-09,0
India,2020-03-10,0
India,2020-03-11,1
India,2020-03-12,1
India,2020-03-13,2
India,2020-03-14,2
India,2020-03-15,2
India,2020-03-16,2
India,2020-03-17,3
India,2020-03-18,3
India,2020-03-19,4
India,2020-03-20,5
India,2020-03-21,4
India,2020-03-22,7
India,2020-03-23,10
India,2020-03-24,10
India,2020-03-25,12
India,2020-03-26,20
India,2020-03-27,20
India,2020-03-28,24
India,2020-03-29,27
India,2020-03-30,32
India,2020-03-31,35
India,2020-04-01,58
India,2020-04-02,72
India,2020-04-03,72
India,2020-04-04,86
India,2020-04-05,99
India,2020-04-06,136
India,2020-04-07,150
India,2020-04-08,178
India,2020-04-09,226
India,2020-04-10,246
India,2020-04-11,288
India,2020-04-12,331
India,2020-04-13,358
India,2020-04-14,393
India,2020-04-15,405
India,2020-04-16,448
India,2020-04-17,486
India,2020-04-18,521
India,2020-04-19,559
India,2020-04-20,592
India,2020-04-21,645
India,2020-04-22,681
India,2020-04-23,721
India,2020-04-24,780
India,2020-04-25,825
India,2020-04-26,881
India,2020-04-27,939
India,2020-04-28,1008
India,2020-04-29,1079
India,2020-04-30,1154
India,2020-05-01,1223
India,2020-05-02,1323
India,2020-05-03,1391
India,2020-05-04,1566
India,2020-05-05,1693
India,2020-05-06,1785
India,2020-05-07,1889
India,2020-05-08,1985
India,2020-05-09,2101
India,2020-05-10,2212
India,2020-05-11,2294
India,2020-05-12,2415
India,2020-05-13,2551
India,2020-05-14,2649
India,2020-05-15,2753
India,2020-05-16,2871
India,2020-05-17,3025
India,2020-05-18,3156
India,2020-05-19,3302
India,2020-05-20,3434
India,2020-05-21,3584
India,2020-05-22,3726
India,2020-05-23,3868
India,2020-05-24,4024
India,2020-05-25,4172
India,2020-05-26,4344
India,2020-05-27,4534
India,2020-05-28,4711
India,2020-05-29,4980
India,2020-05-30,5185
India,2020-05-31,5408
India,2020-06-01,5608
India,2020-06-02,5829
India,2020-06-03,6088
India,2020-06-04,6363
India,2020-06-05,6649
India,2020-06-06,6946
India,2020-06-07,7207
India,2020-06-08,7473
India,2020-06-09,7750
India,2020-06-10,8102
India,2020-06-11,8498
India,2020-06-12,8884
India,2020-06-13,9195
India,2020-06-14,9520
India,2020-06-15,9900
India,2020-06-16,11903
India,2020-06-17,12237
India,2020-06-18,12573
India,2020-06-19,12948
India,2020-06-20,13254
India,2020-06-21,13699
India,2020-06-22,14011
India,2020-06-23,14476
India,2020-06-24,14894
India,2020-06-25,15301
India,2020-06-26,15685
India,2020-06-27,16095
Israel,2020-01-22,0
Israel,2020-01-23,0
Israel,2020-01-24,0
Israel,2020-01-25,0
Israel,2020-01-26,0
Israel,2020-01-27,0
Israel,2020-01-28,0
Israel,2020-01-29,0
Israel,2020-01-30,0
Israel,2020-01-31,0
Israel,2020-02-01,0
Israel,2020-02-02,0
Israel,2020-02-03,0
Israel,2020-02-04,0
Israel,2020-02-05,0
Israel,2020-02-06,0
Israel,2020-02-07,0
Israel,2020-02-08,0
Israel,2020-02-09,0
Israel,2020-02-10,0
Israel,2020-02-11,0
Israel,2020-02-12,0
Israel,2020-02-13,0
Israel,2020-02-14,0
Israel,2020-02-15,0
Israel,2020-02-16,0
Israel,2020-02-17,0
Israel,2020-02-18,0
Israel,2020-02-19,0
Israel,2020-02-20,0
Israel,2020-02-21,0
Israel,2020-02-22,0
Israel,2020-02-23,0
Israel,2020-02-24,0
Israel,2020-02-25,0
Israel,2020-02-26,0
Israel,2020-02-27,0
Israel,2020-02-28,0
Israel,2020-02-29,0
Israel,2020-03-01,0
Israel,2020-03-02,0
Israel,2020-03-03,0
Israel,2020-03-04,0
Israel,2020-03-05,0
Israel,2020-03-06,0
Israel,2020-03-07,0
Israel,2020-03-08,0
Israel,2020-03-09,0
Israel,2020-03-10,0
Israel,2020-03-11,0
Israel,2020-03-12,0
Israel,2020-03-13,0
Israel,2020-03-14,0
Israel,2020-03-15,0
Israel,2020-03-16,0
Israel,2020-03-17,0
Israel,2020-03-18,0
Israel,2020-03-19,0
Israel,2020-03-20,1
Israel,2020-03-21,1
Israel,2020-03-22,1
Israel,2020-03-23,1
Israel,2020-03-24,4
Israel,2020-03-25,5
Israel,2020-03-26,10
Israel,2020-03-27,12
Israel,2020-03-28,13
Israel,2020-03-29,16
Israel,2020-03-30,17
Israel,2020-03-31,21
Israel,2020-04-01,29
Israel,2020-04-02,38
Israel,2020-04-03,43
Israel,2020-04-04,49
Israel,2020-04-05,56
Israel,2020-04-06,64
Israel,2020-04-07,72
Israel,2020-04-08,80
Israel,2020-04-09,89
Israel,2020-04-10,97
Israel,2020-04-11,103
Israel,2020-04-12,109
Israel,2020-04-13,118
Israel,2020-04-14,126
Israel,2020-04-15,139
Israel,2020-04-16,146
Israel,2020-04-17,155
Israel,2020-04-18,166
Israel,2020-04-19,174
Israel,2020-04-20,180
Israel,2020-04-21,189
Israel,2020-04-22,192
Israel,2020-04-23,196
Israel,2020-04-24,199
Israel,2020-04-25,202
Israel,2020-04-26,204
Israel,2020-04-27,208
Israel,2020-04-28,213
Israel,2020-04-29,219
Israel,2020-04-30,225
Israel,2020-05-01,229
Israel,2020-05-02,232
Israel,2020-05-03,235
Israel,2020-05-04,238
Israel,2020-05-05,240
Israel,2020-05-06,241
Israel,2020-05-07,242
Israel,2020-05-08,248
Israel,2020-05-09,251
Israel,2020-05-10,255
Israel,2020-05-11,260
Israel,2020-05-12,263
Israel,2020-05-13,266
Israel,2020-05-14,268
Israel,2020-05-15,268
Israel,2020-05-16,271
Israel,2020-05-17,275
Israel,2020-05-18,278
Israel,2020-05-19,280
Israel,2020-05-20,281
Israel,2020-05-21,281
Israel,2020-05-22,281
Israel,2020-05-23,281
Israel,2020-05-24,282
Israel,2020-05-25,284
Israel,2020-05-26,284
Israel,2020-05-27,286
Israel,2020-05-28,287
Israel,2020-05-29,287
Israel,2020-05-30,287
Israel,2020-05-31,287
Israel,2020-06-01,290
Israel,2020-06-02,292
Israel,2020-06-03,293
Israel,2020-06-04,293
Israel,2020-06-05,294
Israel,2020-06-06,298
Israel,2020-06-07,300
Israel,2020-06-08,300
Israel,2020-06-09,301
Israel,2020-06-10,302
Israel,2020-06-11,302
Israel,2020-06-12,302
Israel,2020-06-13,303
Israel,2020-06-14,305
Israel,2020-06-15,305
Israel,2020-06-16,306
Israel,2020-06-17,306
Israel,2020-06-18,306
Israel,2020-06-19,307
Israel,2020-06-20,308
Israel,2020-06-21,308
Israel,2020-06-22,309
Israel,2020-06-23,311
Israel,2020-06-24,314
Israel,2020-06-25,318
Israel,2020-06-26,321
Israel,2020-06-27,324
Russia,2020-01-22,0
Russia,2020-01-23,0
Russia,2020-01-24,0
Russia,2020-01-25,0
Russia,2020-01-26,0
Russia,2020-01-27,0
Russia,2020-01-28,0
Russia,2020-01-29,0
Russia,2020-01-30,0
Russia,2020-01-31,0
Russia,2020-02-01,0
Russia,2020-02-02,0
Russia,2020-02-03,0
Russia,2020-02-04,0
Russia,2020-02-05,0
Russia,2020-02-06,0
Russia,2020-02-07,0
Russia,2020-02-08,0
Russia,2020-02-09,0
Russia,2020-02-10,0
Russia,2020-02-11,0
Russia,2020-02-12,0
Russia,2020-02-13,0
Russia,2020-02-14,0
Russia,2020-02-15,0
Russia,2020-02-16,0
Russia,2020-02-17,0
Russia,2020-02-18,0
Russia,2020-02-19,0
Russia,2020-02-20,0
Russia,2020-02-21,0
Russia,2020-02-22,0
Russia,2020-02-23,0
Russia,2020-02-24,0
Russia,2020-02-25,0
Russia,2020-02-26,0
Russia,2020-02-27,0
Russia,2020-02-28,0
Russia,2020-02-29,0
Russia,2020-03-01,0
Russia,2020-03-02,0
Russia,2020-03-03,0
Russia,2020-03-04,0
Russia,2020-03-05,0
Russia,2020-03-06,0
Russia,2020-03-07,0
Russia,2020-03-08,0
Russia,2020-03-09,0
Russia,2020-03-10,0
Russia,2020-03-11,0
Russia,2020-03-12,0
Russia,2020-03-13,0
Russia,2020-03-14,0
Russia,2020-03-15,0
Russia,2020-03-16,0
Russia,2020-03-17,0
Russia,2020-03-18,0
Russia,2020-03-19,1
Russia,2020-03-20,1
Russia,2020-03-21,1
Russia,2020-03-22,1
Russia,2020-03-23,1
Russia,2020-03-24,1
Russia,2020-03-25,3
Russia,2020-03-26,3
Russia,2020-03-27,4
Russia,2020-03-28,4
Russia,2020-03-29,8
Russia,2020-03-30,9
Russia,2020-03-31,17
Russia,2020-04-01,24
Russia,2020-04-02,30
Russia,2020-04-03,34
Russia,2020-04-04,43
Russia,2020-04-05,45
Russia,2020-04-06,47
Russia,2020-04-07,58
Russia,2020-04-08,63
Russia,2020-04-09,76
Russia,2020-04-10,94
Russia,2020-04-11,106
Russia,2020-04-12,130
Russia,2020-04-13,148
Russia,2020-04-14,170
Russia,2020-04-15,198
Russia,2020-04-16,232
Russia,2020-04-17,273
Russia,2020-04-18,313
Russia,2020-04-19,361
Russia,2020-04-20,405
Russia,2020-04-21,456
Russia,2020-04-22,513
Russia,2020-04-23,555
Russia,2020-04-24,615
Russia,2020-04-25,681
Russia,2020-04-26,747
Russia,2020-04-27,794
Russia,2020-04-28,867
Russia,2020-04-29,972
Russia,2020-04-30,1073
Russia,2020-05-01,1169
Russia,2020-05-02,1222
Russia,2020-05-03,1280
Russia,2020-05-04,1356
Russia,2020-05-05,1451
Russia,2020-05-06,1537
Russia,2020-05-07,1625
Russia,2020-05-08,1723
Russia,2020-05-09,1827
Russia,2020-05-10,1915
Russia,2020-05-11,2009
Russia,2020-05-12,2116
Russia,2020-05-13,2212
Russia,2020-05-14,2305
Russia,2020-05-15,2418
Russia,2020-05-16,2537
Russia,2020-05-17,2631
Russia,2020-05-18,2722
Russia,2020-05-19,2837
Russia,2020-05-20,2972
Russia,2020-05-21,3099
Russia,2020-05-22,3249
Russia,2020-05-23,3388
Russia,2020-05-24,3541
Russia,2020-05-25,3633
Russia,2020-05-26,3807
Russia,2020-05-27,3968
Russia,2020-05-28,4142
Russia,2020-05-29,4374
Russia,2020-05-30,4555
Russia,2020-05-31,4693
Russia,2020-06-01,4849
Russia,2020-06-02,5031
Russia,2020-06-03,5208
Russia,2020-06-04,5376
Russia,2020-06-05,5520
Russia,2020-06-06,5717
Russia,2020-06-07,5851
Russia,2020-06-08,5963
Russia,2020-06-09,6134
Russia,2020-06-10,6350
Russia,2020-06-11,6522
Russia,2020-06-12,6705
Russia,2020-06-13,6819
Russia,2020-06-14,6938
Russia,2020-06-15,7081
Russia,2020-06-16,7274
Russia,2020-06-17,7468
Russia,2020-06-18,7650
Russia,2020-06-19,7831
Russia,2020-06-20,7992
Russia,2020-06-21,8101
Russia,2020-06-22,8196
Russia,2020-06-23,8349
Russia,2020-06-24,8503
Russia,2020-06-25,8594
Russia,2020-06-26,8770
Russia,2020-06-27,8958
US,2020-01-22,0
US,2020-01-23,0
US,2020-01-24,0
US,2020-01-25,0
US,2020-01-26,0
US,2020-01-27,0
US,2020-01-28,0
US,2020-01-29,0
US,2020-01-30,0
US,2020-01-31,0
US,2020-02-01,0
US,2020-02-02,0
US,2020-02-03,0
US,2020-02-04,0
US,2020-02-05,0
US,2020-02-06,0
US,2020-02-07,0
US,2020-02-08,0
US,2020-02-09,0
US,2020-02-10,0
US,2020-02-11,0
US,2020-02-12,0
US,2020-02-13,0
US,2020-02-14,0
US,2020-02-15,0
US,2020-02-16,0
US,2020-02-17,0
US,2020-02-18,0
US,2020-02-19,0
US,2020-02-20,0
US,2020-02-21,0
US,2020-02-22,0
US,2020-02-23,0
US,2020-02-24,0
US,2020-02-25,0
US,2020-02-26,0
US,2020-02-27,0
US,2020-02-28,0
US,2020-02-29,1
US,2020-03-01,1
US,2020-03-02,6
US,2020-03-03,7
US,2020-03-04,11
US,2020-03-05,12
US,2020-03-06,14
US,2020-03-07,17
US,2020-03-08,21
US,2020-03-09,22
US,2020-03-10,28
US,2020-03-11,33
US,2020-03-12,43
US,2020-03-13,51
US,2020-03-14,58
US,2020-03-15,70
US,2020-03-16,97
US,2020-03-17,134
US,2020-03-18,194
US,2020-03-19,266
US,2020-03-20,372
US,2020-03-21,475
US,2020-03-22,603
US,2020-03-23,790
US,2020-03-24,1033
US,2020-03-25,1366
US,2020-03-26,1783
US,2020-03-27,2305
US,2020-03-28,3018
US,2020-03-29,3573
US,2020-03-30,4280
US,2020-03-31,5359
US,2020-04-01,6635
US,2020-04-02,8142
US,2020-04-03,9562
US,2020-04-04,11165
US,2020-04-05,12781
US,2020-04-06,14523
US,2020-04-07,17099
US,2020-04-08,19249
US,2020-04-09,21463
US,2020-04-10,23649
US,2020-04-11,25785
US,2020-04-12,27674
US,2020-04-13,29657
US,2020-04-14,32132
US,2020-04-15,34730
US,2020-04-16,36913
US,2020-04-17,39008
US,2020-04-18,40954
US,2020-04-19,42934
US,2020-04-20,45179
US,2020-04-21,47662
US,2020-04-22,50128
US,2020-04-23,52542
US,2020-04-24,54711
US,2020-04-25,56445
US,2020-04-26,57850
US,2020-04-27,59330
US,2020-04-28,61571
US,2020-04-29,63962
US,2020-04-30,66154
US,2020-05-01,68063
US,2020-05-02,69804
US,2020-05-03,71007
US,2020-05-04,72365
US,2020-05-05,74586
US,2020-05-06,76905
US,2020-05-07,78821
US,2020-05-08,80593
US,2020-05-09,82058
US,2020-05-10,83059
US,2020-05-11,84093
US,2020-05-12,85682
US,2020-05-13,87416
US,2020-05-14,89197
US,2020-05-15,90862
US,2020-05-16,92060
US,2020-05-17,92891
US,2020-05-18,94110
US,2020-05-19,95555
US,2020-05-20,97056
US,2020-05-21,98246
US,2020-05-22,99450
US,2020-05-23,100524
US,2020-05-24,101165
US,2020-05-25,101762
US,2020-05-26,102418
US,2020-05-27,103896
US,2020-05-28,104985
US,2020-05-29,106102
US,2020-05-30,107053
US,2020-05-31,107674
US,2020-06-01,108448
US,2020-06-02,109428
US,2020-06-03,110437
US,2020-06-04,111443
US,2020-06-05,112321
US,2020-06-06,112958
US,2020-06-07,113415
US,2020-06-08,113926
US,2020-06-09,114840
US,2020-06-10,115715
US,2020-06-11,116532
US,2020-06-12,117357
US,2020-06-13,118077
US,2020-06-14,118425
US,2020-06-15,118826
US,2020-06-16,119612
US,2020-06-17,120359
US,2020-06-18,121059
US,2020-06-19,121693
US,2020-06-20,122257
US,2020-06-21,122574
US,2020-06-22,122952
US,2020-06-23,123691
US,2020-06-24,124446
US,2020-06-25,124994
US,2020-06-26,125620
US,2020-06-27,126116
