Country,Date,Recovered
Brazil,2020-01-22,0
Brazil,2020-01-23,0
Brazil,2020-01-24,0
Brazil,2020-01-25,0
Brazil,2020-01-26,0
Brazil,2020-01-27,0
Brazil,2020-01-28,0
Brazil,2020-01-29,0
Brazil,2020-01-30,0
Brazil,2020-01-31,0
Brazil,2020-02-01,0
Brazil,2020-02-02,0
Brazil,2020-02-03,0
Brazil,2020-02-04,0
Brazil,2020-02-05,0
Brazil,2020-02-06,0
Brazil,2020-02-07,0
Brazil,2020-02-08,0
Brazil,2020-02-09,0
Brazil,2020-02-10,0
Brazil,2020-02-11,0
Brazil,2020-02-12,0
Brazil,2020-02-13,0
Brazil,2020-02-14,0
Brazil,2020-02-15,0
Brazil,2020-02-16,0
Brazil,2020-02-17,0
Brazil,2020-02-18,0
Brazil,2020-02-19,0
Brazil,2020-02-20,0
Brazil,2020-02-21,0
Brazil,2020-02-22,0
Brazil,2020-02-23,0
Brazil,2020-02-24,0
Brazil,2020-02-25,0
Brazil,2020-02-26,0
Brazil,2020-02-27,0
Brazil,2020-02-28,0
Brazil,2020-02-29,0
Brazil,2020-03-01,0
Brazil,2020-03-02,0
Brazil,2020-03-03,0
Brazil,2020-03-04,0
Brazil,2020-03-05,0
Brazil,2020-03-06,0
Brazil,2020-03-07,0
Brazil,2020-03-08,0
Brazil,2020-03-09,0
Brazil,2020-03-10,0
Brazil,2020-03-11,0
Brazil,2020-03-12,0
Brazil,2020-03-13,0
Brazil,2020-03-14,0
Brazil,2020-03-15,0
Brazil,2020-03-16,1
Brazil,2020-03-17,2
Brazil,2020-03-18,2
Brazil,2020-03-19,2
Brazil,2020-03-20,2
Brazil,2020-03-21,2
Brazil,2020-03-22,2
Brazil,2020-03-23,2
Brazil,2020-03-24,2
Brazil,2020-03-25,2
Brazil,2020-03-26,6
Brazil,2020-03-27,6
Brazil,2020-03-28,6
Brazil,2020-03-29,6
Brazil,2020-03-30,120
Brazil,2020-03-31,127
Brazil,2020-04-01,127
Brazil,2020-04-02,127
Brazil,2020-04-03,127
Brazil,2020-04-04,127
Brazil,2020-04-05,127
Brazil,2020-04-06,127
Brazil,2020-04-07,127
Brazil,2020-04-08,127
Brazil,2020-04-09,173
Brazil,2020-04-10,173
Brazil,2020-04-11,173
Brazil,2020-04-12,173
Brazil,2020-04-13,173
Brazil,2020-04-14,3046
Brazil,2020-04-15,14026
Brazil,2020-04-16,14026
Brazil,2020-04-17,14026
Brazil,2020-04-18,14026
Brazil,2020-04-19,22130
Brazil,2020-04-20,22130
Brazil,2020-04-21,22991
Brazil,2020-04-22,25318
Brazil,2020-04-23,26573
Brazil,2020-04-24,27655
Brazil,2020-04-25,29160
Brazil,2020-04-26,30152
Brazil,2020-04-27,31142
Brazil,2020-04-28,32544
Brazil,2020-04-29,34132
Brazil,2020-04-30,35935
Brazil,2020-05-01,38039
Brazil,2020-05-02,40937
Brazil,2020-05-03,42991
Brazil,2020-05-04,45815
Brazil,2020-05-05,48221
Brazil,2020-05-06,51370
Brazil,2020-05-07,55350
Brazil,2020-05-08,59297
Brazil,2020-05-09,61685
Brazil,2020-05-10,64957
Brazil,2020-05-11,67384
Brazil,2020-05-12,72597
Brazil,2020-05-13,78424
Brazil,2020-05-14,79479
Brazil,2020-05-15,84970
Brazil,2020-05-16,89672
Brazil,2020-05-17,94122
Brazil,2020-05-18,100459
Brazil,2020-05-19,106794
Brazil,2020-05-20,116683
Brazil,2020-05-21,125960
Brazil,2020-05-22,135430
Brazil,2020-05-23,142587
Brazil,2020-05-24,149911
Brazil,2020-05-25,153833
Brazil,2020-05-26,158593
Brazil,2020-05-27,166647
Brazil,2020-05-28,177604
Brazil,2020-05-29,189476
Brazil,2020-05-30,200892
Brazil,2020-05-31,206555
Brazil,2020-06-01,211080
Brazil,2020-06-02,223638
Brazil,2020-06-03,238617
Brazil,2020-06-04,254963
Brazil,2020-06-05,266940
Brazil,2020-06-06,277149
Brazil,2020-06-07,283952
Brazil,2020-06-08,378257
Brazil,2020-06-09,396737
Brazil,2020-06-10,413916
Brazil,2020-06-11,429965
Brazil,2020-06-12,445123
Brazil,2020-06-13,459436
Brazil,2020-06-14,469141
Brazil,2020-06-15,477709
Brazil,2020-06-16,490005
Brazil,2020-06-17,521046
Brazil,2020-06-18,534580
Brazil,2020-06-19,551631
Brazil,2020-06-20,576779
Brazil,2020-06-21,588118
Brazil,2020-06-22,601736
Brazil,2020-06-23,627963
Brazil,2020-06-24,660469
Brazil,2020-06-25,679524
Brazil,2020-06-26,702399
Brazil,2020-06-27,727715
Germany,2020-01-22,0
Germany,2020-01-23,0
Germany,2020-01-24,0
Germany,2020-01-25,0
Germany,2020-01-26,0
Germany,2020-01-27,0
Germany,2020-01-28,0
Germany,2020-01-29,0
Germany,2020-01-30,0
Germany,2020-01-31,0
Germany,2020-02-01,0
Germany,2020-02-02,0
Germany,2020-02-03,0
Germany,2020-02-04,0
Germany,2020-02-05,0
Germany,2020-02-06,0
Germany,2020-02-07,0
Germany,2020-02-08,0
Germany,2020-02-09,0
Germany,2020-02-10,0
Germany,2020-02-11,0
Germany,2020-02-12,0
Germany,2020-02-13,1
Germany,2020-02-14,1
Germany,2020-02-15,1
Germany,2020-02-16,1
Germany,2020-02-17,1
Germany,2020-02-18,12
Germany,2020-02-19,12
Germany,2020-02-20,12
Germany,2020-02-21,14
Germany,2020-02-22,14
Germany,2020-02-23,14
Germany,2020-02-24,14
Germany,2020-02-25,14
Germany,2020-02-26,15
Germany,2020-02-27,16
Germany,2020-02-28,16
Germany,2020-02-29,16
Germany,2020-03-01,16
Germany,2020-03-02,16
Germany,2020-03-03,16
Germany,2020-03-04,16
Germany,2020-03-05,16
Germany,2020-03-06,17
Germany,2020-03-07,18
Germany,2020-03-08,18
Germany,2020-03-09,18
Germany,2020-03-10,18
Germany,2020-03-11,25
Germany,2020-03-12,25
Germany,2020-03-13,46
Germany,2020-03-14,46
Germany,2020-03-15,46
Germany,2020-03-16,67
Germany,2020-03-17,67
Germany,2020-03-18,105
Germany,2020-03-19,113
Germany,2020-03-20,180
Germany,2020-03-21,233
Germany,2020-03-22,266
Germany,2020-03-23,266
Germany,2020-03-24,3243
Germany,2020-03-25,3547
Germany,2020-03-26,5673
Germany,2020-03-27,6658
Germany,2020-03-28,8481
Germany,2020-03-29,9211
Germany,2020-03-30,13500
Germany,2020-03-31,16100
Germany,2020-04-01,18700
Germany,2020-04-02,22440
Germany,2020-04-03,24575
Germany,2020-04-04,26400
Germany,2020-04-05,28700
Germany,2020-04-06,28700
Germany,2020-04-07,36081
Germany,2020-04-08,46300
Germany,2020-04-09,52407
Germany,2020-04-10,53913
Germany,2020-04-11,57400
Germany,2020-04-12,60300
Germany,2020-04-13,64300
Germany,2020-04-14,68200
Germany,2020-04-15,72600
Germany,2020-04-16,77000
Germany,2020-04-17,83114
Germany,2020-04-18,85400
Germany,2020-04-19,88000
Germany,2020-04-20,91500
Germany,2020-04-21,95200
Germany,2020-04-22,99400
Germany,2020-04-23,103300
Germany,2020-04-24,109800
Germany,2020-04-25,109800
Germany,2020-04-26,112000
Germany,2020-04-27,114500
Germany,2020-04-28,117400
Germany,2020-04-29,120400
Germany,2020-04-30,123500
Germany,2020-05-01,126900
Germany,2020-05-02,129000
Germany,2020-05-03,130600
Germany,2020-05-04,132700
Germany,2020-05-05,135100
Germany,2020-05-06,139900
Germany,2020-05-07,141700
Germany,2020-05-08,141700
Germany,2020-05-09,143300
Germany,2020-05-10,144400
Germany,2020-05-11,145617
Germany,2020-05-12,147200
Germany,2020-05-13,148700
Germany,2020-05-14,150300
Germany,2020-05-15,151597
Germany,2020-05-16,152600
Germany,2020-05-17,154011
Germany,2020-05-18,155041
Germany,2020-05-19,155681
Germany,2020-05-20,156966
Germany,2020-05-21,158087
Germany,2020-05-22,159064
Germany,2020-05-23,159716
Germany,2020-05-24,160281
Germany,2020-05-25,161199
Germany,2020-05-26,161967
Germany,2020-05-27,162820
Germany,2020-05-28,163360
Germany,2020-05-29,164245
Germany,2020-05-30,164908
Germany,2020-05-31,165352
Germany,2020-06-01,165632
Germany,2020-06-02,166609
Germany,2020-06-03,167453
Germany,2020-06-04,167909
Germany,2020-06-05,168480
Germany,2020-06-06,168958
Germany,2020-06-07,169224
Germany,2020-06-08,169556
Germany,2020-06-09,170129
Germany,2020-06-10,170630
Germany,2020-06-11,170961
Germany,2020-06-12,171535
Germany,2020-06-13,171970
Germany,2020-06-14,172089
Germany,2020-06-15,172692
Germany,2020-06-16,172842
Germany,2020-06-17,173599
Germany,2020-06-18,173847
Germany,2020-06-19,173972
Germany,2020-06-20,174609
Germany,2020-06-21,174740
Germany,2020-06-22,175143
Germany,2020-06-23,175825
Germany,2020-06-24,176422
Germany,2020-06-25,176764
Germany,2020-06-26,177149
Germany,2020-06-27,177518
Italy,2020-01-22,0
Italy,2020-01-23,0
Italy,2020-01-24,0
Italy,2020-01-25,0
Italy,2020-01-26,0
Italy,2020-01-27,0
Italy,2020-01-28,0
Italy,2020-01-29,0
Italy,2020-01-30,0
Italy,2020-01-31,0
Italy,2020-02-01,0
Italy,2020-02-02,0
Italy,2020-02-03,0
Italy,2020-02-04,0
Italy,2020-02-05,0
Italy,2020-02-06,0
Italy,2020-02-07,0
Italy,2020-02-08,0
Italy,2020-02-09,0
Italy,2020-02-10,0
Italy,2020-02-11,0
Italy,2020-02-12,0
Italy,2020-02-13,0
Italy,2020-02-14,0
Italy,2020-02-15,0
Italy,2020-02-16,0
Italy,2020-02-17,0
Italy,2020-02-18,0
Italy,2020-02-19,0
Italy,2020-02-20,0
Italy,2020-02-21,0
Italy,2020-02-22,1
Italy,2020-02-23,2
Italy,2020-02-24,1
Italy,2020-02-25,1
Italy,2020-02-26,3
Italy,2020-02-27,45
Italy,2020-02-28,46
Italy,2020-02-29,46
Italy,2020-03-01,83
Italy,2020-03-02,149
Italy,2020-03-03,160
Italy,2020-03-04,276
Italy,2020-03-05,414
Italy,2020-03-06,523
Italy,2020-03-07,589
Italy,2020-03-08,622
Italy,2020-03-09,724
Italy,2020-03-10,724
Italy,2020-03-11,1045
Italy,2020-03-12,1045
Italy,2020-03-13,1439
Italy,2020-03-14,1966
Italy,2020-03-15,2335
Italy,2020-03-16,2749
Italy,2020-03-17,2941
Italy,2020-03-18,4025
Italy,2020-03-19,4440
Italy,2020-03-20,4440
Italy,2020-03-21,6072
Italy,2020-03-22,7024
Italy,2020-03-23,7024
Italy,2020-03-24,8326
Italy,2020-03-25,9362
Italy,2020-03-26,10361
Italy,2020-03-27,10950
Italy,2020-03-28,12384
Italy,2020-03-29,13030
Italy,2020-03-30,14620
Italy,2020-03-31,15729
Italy,2020-04-01,16847
Italy,2020-04-02,18278
Italy,2020-04-03,19758
Italy,2020-04-04,20996
Italy,2020-04-05,21815
Italy,2020-04-06,22837
Italy,2020-04-07,24392
Italy,2020-04-08,26491
Italy,2020-04-09,28470
Italy,2020-04-10,30455
Italy,2020-04-11,32534
Italy,2020-04-12,34211
Italy,2020-04-13,35435
Italy,2020-04-14,37130
Italy,2020-04-15,38092
Italy,2020-04-16,40164
Italy,2020-04-17,42727
Italy,2020-04-18,44927
Italy,2020-04-19,47055
Italy,2020-04-20,48877
Italy,2020-04-21,51600
Italy,2020-04-22,54543
Italy,2020-04-23,57576
Italy,2020-04-24,60498
Italy,2020-04-25,63120
Italy,2020-04-26,64928
Italy,2020-04-27,66624
Italy,2020-04-28,68941
Italy,2020-04-29,71252
Italy,2020-04-30,75945
Italy,2020-05-01,78249
Italy,2020-05-02,79914
Italy,2020-05-03,81654
Italy,2020-05-04,82879
Italy,2020-05-05,85231
Italy,2020-05-06,93245
Italy,2020-05-07,96276
Italy,2020-05-08,99023
Italy,2020-05-09,103031
Italy,2020-05-10,105186
Italy,2020-05-11,106587
Italy,2020-05-12,109039
Italy,2020-05-13,112541
Italy,2020-05-14,115288
Italy,2020-05-15,120205
Italy,2020-05-16,122810
Italy,2020-05-17,125176
Italy,2020-05-18,127326
Italy,2020-05-19,129401
Italy,2020-05-20,132282
Italy,2020-05-21,134560
Italy,2020-05-22,136720
Italy,2020-05-23,138840
Italy,2020-05-24,140479
Italy,2020-05-25,141981
Italy,2020-05-26,144658
Italy,2020-05-27,147101
Italy,2020-05-28,150604
Italy,2020-05-29,152844
Italy,2020-05-30,155633
Italy,2020-05-31,157507
Italy,2020-06-01,158355
Italy,2020-06-02,160092
Italy,2020-06-03,160938
Italy,2020-06-04,161895
Italy,2020-06-05,163781
Italy,2020-06-06,165078
Italy,2020-06-07,165837
Italy,2020-06-08,166584
Italy,2020-06-09,168646
Italy,2020-06-10,169939
Italy,2020-06-11,171338
Italy,2020-06-12,173085
Italy,2020-06-13,174865
Italy,2020-06-14,176370
Italy,2020-06-15,177010
Italy,2020-06-16,178526
Italy,2020-06-17,179455
Italy,2020-06-18,180544
Italy,2020-06-19,181907
Italy,2020-06-20,182453
Italy,2020-06-21,182893
Italy,2020-06-22,183426
Italy,2020-06-23,184585
Italy,2020-06-24,186111
Italy,2020-06-25,186725
Italy,2020-06-26,187615
Italy,2020-06-27,188584
Spain,2020-01-22,0
Spain,2020-01-23,0
Spain,2020-01-24,0
Spain,2020-01-25,0
Spain,2020-01-26,0
Spain,2020-01-27,0
Spain,2020-01-28,0
Spain,2020-01-29,0
Spain,2020-01-30,0
Spain,2020-01-31,0
Spain,2020-02-01,0
Spain,2020-02-02,0
Spain,2020-02-03,0
Spain,2020-02-04,0
Spain,2020-02-05,0
Spain,2020-02-06,0
Spain,2020-02-07,0
Spain,2020-02-08,0
Spain,2020-02-09,0
Spain,2020-02-10,0
Spain,2020-02-11,0
Spain,2020-02-12,0
Spain,2020-02-13,0
Spain,2020-02-14,0
Spain,2020-02-15,2
Spain,2020-02-16,2
Spain,2020-02-17,2
Spain,2020-02-18,2
Spain,2020-02-19,2
Spain,2020-02-20,2
Spain,2020-02-21,2
Spain,2020-02-22,2
Spain,2020-02-23,2
Spain,2020-02-24,2
Spain,2020-02-25,2
Spain,2020-02-26,2
Spain,2020-02-27,2
Spain,2020-02-28,2
Spain,2020-02-29,2
Spain,2020-03-01,2
Spain,2020-03-02,2
Spain,2020-03-03,2
Spain,2020-03-04,2
Spain,2020-03-05,2
Spain,2020-03-06,2
Spain,2020-03-07,30
Spain,2020-03-08,30
Spain,2020-03-09,32
Spain,2020-03-10,32
Spain,2020-03-11,183
Spain,2020-03-12,183
Spain,2020-03-13,193
Spain,2020-03-14,517
Spain,2020-03-15,517
Spain,2020-03-16,530
Spain,2020-03-17,1028
Spain,2020-03-18,1081
Spain,2020-03-19,1107
Spain,2020-03-20,1588
Spain,2020-03-21,2125
Spain,2020-03-22,2575
Spain,2020-03-23,2575
Spain,2020-03-24,3794
Spain,2020-03-25,5367
Spain,2020-03-26,7015
Spain,2020-03-27,9357
Spain,2020-03-28,12285
Spain,2020-03-29,14709
Spain,2020-03-30,16780
Spain,2020-03-31,19259
Spain,2020-04-01,22647
Spain,2020-04-02,26743
Spain,2020-04-03,30513
Spain,2020-04-04,34219
Spain,2020-04-05,38080
Spain,2020-04-06,40437
Spain,2020-04-07,43208
Spain,2020-04-08,48021
Spain,2020-04-09,52165
Spain,2020-04-10,55668
Spain,2020-04-11,59109
Spain,2020-04-12,62391
Spain,2020-04-13,64727
Spain,2020-04-14,67504
Spain,2020-04-15,70853
Spain,2020-04-16,74797
Spain,2020-04-17,74797
Spain,2020-04-18,74797
Spain,2020-04-19,77357
Spain,2020-04-20,80587
Spain,2020-04-21,82514
Spain,2020-04-22,85915
Spain,2020-04-23,89250
Spain,2020-04-24,92355
Spain,2020-04-25,95708
Spain,2020-04-26,98372
Spain,2020-04-27,100875
Spain,2020-04-28,102548
Spain,2020-04-29,108947
Spain,2020-04-30,112050
Spain,2020-05-01,112050
Spain,2020-05-02,117248
Spain,2020-05-03,118902
Spain,2020-05-04,121343
Spain,2020-05-05,123486
Spain,2020-05-06,126002
Spain,2020-05-07,128511
Spain,2020-05-08,131148
Spain,2020-05-09,133952
Spain,2020-05-10,136166
Spain,2020-05-11,137139
Spain,2020-05-12,138980
Spain,2020-05-13,140823
Spain,2020-05-14,143374
Spain,2020-05-15,144783
Spain,2020-05-16,146446
Spain,2020-05-17,146446
Spain,2020-05-18,150376
Spain,2020-05-19,150376
Spain,2020-05-20,150376
Spain,2020-05-21,150376
Spain,2020-05-22,150376
Spain,2020-05-23,150376
Spain,2020-05-24,150376
Spain,2020-05-25,150376
Spain,2020-05-26,150376
Spain,2020-05-27,150376
Spain,2020-05-28,150376
Spain,2020-05-29,150376
Spain,2020-05-30,150376
Spain,2020-05-31,150376
Spain,2020-06-01,150376
Spain,2020-06-02,150376
Spain,2020-06-03,150376
Spain,2020-06-04,150376
Spain,2020-06-05,150376
Spain,2020-06-06,150376
Spain,2020-06-07,150376
Spain,2020-06-08,150376
Spain,2020-06-09,150376
Spain,2020-06-10,150376
Spain,2020-06-11,150376
Spain,2020-06-12,150376
Spain,2020-06-13,150376
Spain,2020-06-14,150376
Spain,2020-06-15,150376
Spain,2020-06-16,150376
Spain,2020-06-17,150376
Spain,2020-06-18,150376
Spain,2020-06-19,150376
Spain,2020-06-20,150376
Spain,2020-06-21,150376
Spain,2020-06-22,150376
Spain,2020-06-23,150376
Spain,2020-06-24,150376
Spain,2020-06-25,150376
Spain,2020-06-26,150376
Spain,2020-06-27,150376
United Kingdom,2020-01-22,0
United Kingdom,2020-01-23,0
United Kingdom,2020-01-24,0
United Kingdom,2020-01-25,0
United Kingdom,2020-01-26,0
United Kingdom,2020-01-27,0
United Kingdom,2020-01-28,0
United Kingdom,2020-01-29,0
United Kingdom,2020-01-30,0
United Kingdom,2020-01-31,0
United Kingdom,2020-02-01,0
United Kingdom,2020-02-02,0
United Kingdom,2020-02-03,0
United Kingdom,2020-02-04,0
United Kingdom,2020-02-05,0
United Kingdom,2020-02-06,0
United Kingdom,2020-02-07,0
United Kingdom,2020-02-08,0
United Kingdom,2020-02-09,0
United Kingdom,2020-02-10,0
United Kingdom,2020-02-11,0
United Kingdom,2020-02-12,1
United Kingdom,2020-02-13,1
United Kingdom,2020-02-14,1
United Kingdom,2020-02-15,1
United Kingdom,2020-02-16,8
United Kingdom,2020-02-17,8
United Kingdom,2020-02-18,8
United Kingdom,2020-02-19,8
United Kingdom,2020-02-20,8
United Kingdom,2020-02-21,8
United Kingdom,2020-02-22,8
United Kingdom,2020-02-23,8
United Kingdom,2020-02-24,8
United Kingdom,2020-02-25,8
United Kingdom,2020-02-26,8
United Kingdom,2020-02-27,8
United Kingdom,2020-02-28,8
United Kingdom,2020-02-29,8
United Kingdom,2020-03-01,8
United Kingdom,2020-03-02,8
United Kingdom,2020-03-03,8
United Kingdom,2020-03-04,8
United Kingdom,2020-03-05,8
United Kingdom,2020-03-06,8
United Kingdom,2020-03-07,18
United Kingdom,2020-03-08,18
United Kingdom,2020-03-09,18
United Kingdom,2020-03-10,19
United Kingdom,2020-03-11,19
United Kingdom,2020-03-12,19
United Kingdom,2020-03-13,19
United Kingdom,2020-03-14,19
United Kingdom,2020-03-15,19
United Kingdom,2020-03-16,21
United Kingdom,2020-03-17,53
United Kingdom,2020-03-18,68
United Kingdom,2020-03-19,68
United Kingdom,2020-03-20,68
United Kingdom,2020-03-21,68
United Kingdom,2020-03-22,67
United Kingdom,2020-03-23,67
United Kingdom,2020-03-24,140
United Kingdom,2020-03-25,140
United Kingdom,2020-03-26,150
United Kingdom,2020-03-27,151
United Kingdom,2020-03-28,151
United Kingdom,2020-03-29,151
United Kingdom,2020-03-30,171
United Kingdom,2020-03-31,179
United Kingdom,2020-04-01,179
United Kingdom,2020-04-02,192
United Kingdom,2020-04-03,208
United Kingdom,2020-04-04,215
United Kingdom,2020-04-05,229
United Kingdom,2020-04-06,287
United Kingdom,2020-04-07,325
United Kingdom,2020-04-08,345
United Kingdom,2020-04-09,359
United Kingdom,2020-04-10,588
United Kingdom,2020-04-11,622
United Kingdom,2020-04-12,626
United Kingdom,2020-04-13,304
United Kingdom,2020-04-14,323
United Kingdom,2020-04-15,368
United Kingdom,2020-04-16,375
United Kingdom,2020-04-17,394
United Kingdom,2020-04-18,414
United Kingdom,2020-04-19,436
United Kingdom,2020-04-20,446
United Kingdom,2020-04-21,638
United Kingdom,2020-04-22,683
United Kingdom,2020-04-23,712
United Kingdom,2020-04-24,724
United Kingdom,2020-04-25,774
United Kingdom,2020-04-26,778
United Kingdom,2020-04-27,807
United Kingdom,2020-04-28,813
United Kingdom,2020-04-29,857
United Kingdom,2020-04-30,859
United Kingdom,2020-05-01,892
United Kingdom,2020-05-02,896
United Kingdom,2020-05-03,901
United Kingdom,2020-05-04,910
United Kingdom,2020-05-05,926
United Kingdom,2020-05-06,934
United Kingdom,2020-05-07,970
United Kingdom,2020-05-08,997
United Kingdom,2020-05-09,1001
United Kingdom,2020-05-10,1002
United Kingdom,2020-05-11,1015
United Kingdom,2020-05-12,1023
United Kingdom,2020-05-13,1032
United Kingdom,2020-05-14,1043
United Kingdom,2020-05-15,1047
United Kingdom,2020-05-16,1058
United Kingdom,2020-05-17,1058
United Kingdom,2020-05-18,1090
United Kingdom,2020-05-19,1099
United Kingdom,2020-05-20,1116
United Kingdom,2020-05-21,1134
United Kingdom,2020-05-22,1142
United Kingdom,2020-05-23,1149
United Kingdom,2020-05-24,1151
United Kingdom,2020-05-25,1161
United Kingdom,2020-05-26,1161
United Kingdom,2020-05-27,1166
United Kingdom,2020-05-28,1167
United Kingdom,2020-05-29,1172
United Kingdom,2020-05-30,1187
United Kingdom,2020-05-31,1190
United Kingdom,2020-06-01,1221
United Kingdom,2020-06-02,1224
United Kingdom,2020-06-03,1212
United Kingdom,2020-06-04,1219
United Kingdom,2020-06-05,1228
United Kingdom,2020-06-06,1230
United Kingdom,2020-06-07,1239
United Kingdom,2020-06-08,1255
United Kingdom,2020-06-09,1257
United Kingdom,2020-06-10,1269
United Kingdom,2020-06-11,1278
United Kingdom,2020-06-12,1282
United Kingdom,2020-06-13,1283
United Kingdom,2020-06-14,1283
United Kingdom,2020-06-15,1284
United Kingdom,2020-06-16,1293
United Kingdom,2020-06-17,1304
United Kingdom,2020-06-18,1313
United Kingdom,2020-06-19,1319
United Kingdom,2020-06-20,1319
United Kingdom,2020-06-21,1319
United Kingdom,2020-06-22,1322
United Kingdom,2020-06-23,1330
United Kingdom,2020-06-24,1345
United Kingdom,2020-06-25,1361
United Kingdom,2020-06-26,1363
United Kingdom,2020-06-27,1364
China,2020-01-22,28
China,2020-01-23,30
China,2020-01-24,36
China,2020-01-25,39
China,2020-01-26,49
China,2020-01-27,58
China,2020-01-28,101
China,2020-01-29,120
China,2020-01-30,135
China,2020-01-31,214
China,2020-02-01,275
China,2020-02-02,463
China,2020-02-03,614
China,2020-02-04,843
China,2020-02-05,1115
China,2020-02-06,1477
China,2020-02-07,1999
China,2020-02-08,2596
China,2020-02-09,3219
China,2020-02-10,3918
China,2020-02-11,4636
China,2020-02-12,5082
China,2020-02-13,6217
China,2020-02-14,7977
China,2020-02-15,9298
China,2020-02-16,10755
China,2020-02-17,12462
China,2020-02-18,14206
China,2020-02-19,15962
China,2020-02-20,18014
China,2020-02-21,18704
China,2020-02-22,22699
China,2020-02-23,23187
China,2020-02-24,25015
China,2020-02-25,27676
China,2020-02-26,30084
China,2020-02-27,32930
China,2020-02-28,36329
China,2020-02-29,39320
China,2020-03-01,42162
China,2020-03-02,44854
China,2020-03-03,47450
China,2020-03-04,50001
China,2020-03-05,52292
China,2020-03-06,53944
China,2020-03-07,55539
China,2020-03-08,57388
China,2020-03-09,58804
China,2020-03-10,60181
China,2020-03-11,61644
China,2020-03-12,62901
China,2020-03-13,64196
China,2020-03-14,65660
China,2020-03-15,67017
China,2020-03-16,67910
China,2020-03-17,68798
China,2020-03-18,69755
China,2020-03-19,70535
China,2020-03-20,71266
China,2020-03-21,71857
China,2020-03-22,72362
China,2020-03-23,72814
China,2020-03-24,73280
China,2020-03-25,73773
China,2020-03-26,74181
China,2020-03-27,74720
China,2020-03-28,75100
China,2020-03-29,75582
China,2020-03-30,75923
China,2020-03-31,76206
China,2020-04-01,76405
China,2020-04-02,76565
China,2020-04-03,76760
China,2020-04-04,76946
China,2020-04-05,77207
China,2020-04-06,77310
China,2020-04-07,77410
China,2020-04-08,77567
China,2020-04-09,77679
China,2020-04-10,77791
China,2020-04-11,77877
China,2020-04-12,77956
China,2020-04-13,78039
China,2020-04-14,78200
China,2020-04-15,78311
China,2020-04-16,78401
China,2020-04-17,77552
China,2020-04-18,77614
China,2020-04-19,77690
China,2020-04-20,77745
China,2020-04-21,77799
China,2020-04-22,77861
China,2020-04-23,77983
China,2020-04-24,78109
China,2020-04-25,78175
China,2020-04-26,78277
China,2020-04-27,78374
China,2020-04-28,78422
China,2020-04-29,78474
China,2020-04-30,78523
China,2020-05-01,78573
China,2020-05-02,78586
China,2020-05-03,78684
China,2020-05-04,78792
China,2020-05-05,78870
China,2020-05-06,78929
China,2020-05-07,78977
China,2020-05-08,78993
China,2020-05-09,79127
China,2020-05-10,79167
China,2020-05-11,79198
China,2020-05-12,79222
China,2020-05-13,79246
China,2020-05-14,79261
China,2020-05-15,79281
China,2020-05-16,79293
China,2020-05-17,79306
China,2020-05-18,79310
China,2020-05-19,79310
China,2020-05-20,79310
China,2020-05-21,79310
China,2020-05-22,79332
China,2020-05-23,79335
China,2020-05-24,79343
China,2020-05-25,79352
China,2020-05-26,79358
China,2020-05-27,79367
China,2020-05-28,79371
China,2020-05-29,79382
China,2020-05-30,79386
China,2020-05-31,79389
China,2020-06-01,79398
China,2020-06-02,79400
China,2020-06-03,79404
China,2020-06-04,79415
China,2020-06-05,79420
China,2020-06-06,79424
China,2020-06-07,79434
China,2020-06-08,79444
China,2020-06-09,79451
China,2020-06-10,79456
China,2020-06-11,79464
China,2020-06-12,79472
China,2020-06-13,79475
China,2020-06-14,79482
China,2020-06-15,79489
China,2020-06-16,79493
China,2020-06-17,79510
China,2020-06-18,79515
China,2020-06-19,79515
China,2020-06-20,79534
China,2020-06-21,79535
China,2020-06-22,79547
China,2020-06-23,79555
China,2020-06-24,79562
China,2020-06-25,79572
China,2020-06-26,79580
China,2020-06-27,79591
India,2020-01-22,0
India,2020-01-23,0
India,2020-01-24,0
India,2020-01-25,0
India,2020-01-26,0
India,2020-01-27,0
India,2020-01-28,0
India,2020-01-29,0
India,2020-01-30,0
India,2020-01-31,0
India,2020-02-01,0
India,2020-02-02,0
India,2020-02-03,0
India,2020-02-04,0
India,2020-02-05,0
India,2020-02-06,0
India,2020-02-07,0
India,2020-02-08,0
India,2020-02-09,0
India,2020-02-10,0
India,2020-02-11,0
India,2020-02-12,0
India,2020-02-13,0
India,2020-02-14,0
India,2020-02-15,0
India,2020-02-16,3
India,2020-02-17,3
India,2020-02-18,3
India,2020-02-19,3
India,2020-02-20,3
India,2020-02-21,3
India,2020-02-22,3
India,2020-02-23,3
India,2020-02-24,3
India,2020-02-25,3
India,2020-02-26,3
India,2020-02-27,3
India,2020-02-28,3
India,2020-02-29,3
India,2020-03-01,3
India,2020-03-02,3
India,2020-03-03,3
India,2020-03-04,3
India,2020-03-05,3
India,2020-03-06,3
India,2020-03-07,3
India,2020-03-08,3
India,2020-03-09,3
India,2020-03-10,4
India,2020-03-11,4
India,2020-03-12,4
India,2020-03-13,4
India,2020-03-14,4
India,2020-03-15,13
India,2020-03-16,13
India,2020-03-17,14
India,2020-03-18,14
India,2020-03-19,15
India,2020-03-20,20
India,2020-03-21,23
India,2020-03-22,27
India,2020-03-23,27
India,2020-03-24,40
India,2020-03-25,43
India,2020-03-26,45
India,2020-03-27,73
India,2020-03-28,84
India,2020-03-29,95
India,2020-03-30,102
India,2020-03-31,123
India,2020-04-01,148
India,2020-04-02,191
India,2020-04-03,192
India,2020-04-04,229
India,2020-04-05,229
India,2020-04-06,375
India,2020-04-07,421
India,2020-04-08,506
India,2020-04-09,620
India,2020-04-10,774
India,2020-04-11,969
India,2020-04-12,1080
India,2020-04-13,1181
India,2020-04-14,1359
India,2020-04-15,1432
India,2020-04-16,1768
India,2020-04-17,2041
India,2020-04-18,2463
India,2020-04-19,2854
India,2020-04-20,3273
India,2020-04-21,3975
India,2020-04-22,4370
India,2020-04-23,5012
India,2020-04-24,5498
India,2020-04-25,5939
India,2020-04-26,6523
India,2020-04-27,7137
India,2020-04-28,7747
India,2020-04-29,8437
India,2020-04-30,9068
India,2020-05-01,10007
India,2020-05-02,10819
India,2020-05-03,11775
India,2020-05-04,12847
India,2020-05-05,14142
India,2020-05-06,15331
India,2020-05-07,16776
India,2020-05-08,17887
India,2020-05-09,19301
India,2020-05-10,20969
India,2020-05-11,22549
India,2020-05-12,24420
India,2020-05-13,26400
India,2020-05-14,27969
India,2020-05-15,30258
India,2020-05-16,34224
India,2020-05-17,36795
India,2020-05-18,39233
India,2020-05-19,42309
India,2020-05-20,45422
India,2020-05-21,48553
India,2020-05-22,51824
India,2020-05-23,54385
India,2020-05-24,57692
India,2020-05-25,60706
India,2020-05-26,64277
India,2020-05-27,67749
India,2020-05-28,70920
India,2020-05-29,82627
India,2020-05-30,86936
India,2020-05-31,91852
India,2020-06-01,95754
India,2020-06-02,100285
India,2020-06-03,104071
India,2020-06-04,108450
India,2020-06-05,113233
India,2020-06-06,118695
India,2020-06-07,123848
India,2020-06-08,129095
India,2020-06-09,134670
India,2020-06-10,135206
India,2020-06-11,147195
India,2020-06-12,154330
India,2020-06-13,162379
India,2020-06-14,169798
India,2020-06-15,180013
India,2020-06-16,186935
India,2020-06-17,194325
India,2020-06-18,204711
India,2020-06-19,213831
India,2020-06-20,227728
India,2020-06-21,237196
India,2020-06-22,248190
India,2020-06-23,258685
India,2020-06-24,271697
India,2020-06-25,285637
India,2020-06-26,295881
India,2020-06-27,309713
Israel,2020-01-22,0
Israel,2020-01-23,0
Israel,2020-01-24,0
Israel,2020-01-25,0
Israel,2020-01-26,0
Israel,2020-01-27,0
Israel,2020-01-28,0
Israel,2020-01-29,0
Israel,2020-01-30,0
Israel,2020-01-31,0
Israel,2020-02-01,0
Israel,2020-02-02,0
Israel,2020-02-03,0
Israel,2020-02-04,0
Israel,2020-02-05,0
Israel,2020-02-06,0
Israel,2020-02-07,0
Israel,2020-02-08,0
Israel,2020-02-09,0
Israel,2020-02-10,0
Israel,2020-02-11,0
Israel,2020-02-12,0
Israel,2020-02-13,0
Israel,2020-02-14,0
Israel,2020-02-15,0
Israel,2020-02-16,0
Israel,2020-02-17,0
Israel,2020-02-18,0
Israel,2020-02-19,0
Israel,2020-02-20,0
Israel,2020-02-21,0
Israel,2020-02-22,0
Israel,2020-02-23,0
Israel,2020-02-24,0
Israel,2020-02-25,0
Israel,2020-02-26,0
Israel,2020-02-27,0
Israel,2020-02-28,0
Israel,2020-02-29,0
Israel,2020-03-01,0
Israel,2020-03-02,0
Israel,2020-03-03,0
Israel,2020-03-04,0
Israel,2020-03-05,0
Israel,2020-03-06,0
Israel,2020-03-07,0
Israel,2020-03-08,0
Israel,2020-03-09,0
Israel,2020-03-10,0
Israel,2020-03-11,0
Israel,2020-03-12,0
Israel,2020-03-13,1
Israel,2020-03-14,1
Israel,2020-03-15,1
Israel,2020-03-16,1
Israel,2020-03-17,3
Israel,2020-03-18,6
Israel,2020-03-19,11
Israel,2020-03-20,13
Israel,2020-03-21,14
Israel,2020-03-22,19
Israel,2020-03-23,22
Israel,2020-03-24,31
Israel,2020-03-25,37
Israel,2020-03-26,49
Israel,2020-03-27,69
Israel,2020-03-28,84
Israel,2020-03-29,105
Israel,2020-03-30,147
Israel,2020-03-31,210
Israel,2020-04-01,495
Israel,2020-04-02,597
Israel,2020-04-03,667
Israel,2020-04-04,717
Israel,2020-04-05,820
Israel,2020-04-06,939
Israel,2020-04-07,1059
Israel,2020-04-08,1191
Israel,2020-04-09,1306
Israel,2020-04-10,1460
Israel,2020-04-11,1611
Israel,2020-04-12,1909
Israel,2020-04-13,2228
Israel,2020-04-14,2551
Israel,2020-04-15,2823
Israel,2020-04-16,3174
Israel,2020-04-17,3550
Israel,2020-04-18,3820
Israel,2020-04-19,4228
Israel,2020-04-20,4687
Israel,2020-04-21,5103
Israel,2020-04-22,5514
Israel,2020-04-23,5866
Israel,2020-04-24,6291
Israel,2020-04-25,6655
Israel,2020-04-26,7087
Israel,2020-04-27,7635
Israel,2020-04-28,8118
Israel,2020-04-29,8471
Israel,2020-04-30,8924
Israel,2020-05-01,9393
Israel,2020-05-02,9611
Israel,2020-05-03,9945
Israel,2020-05-04,10233
Israel,2020-05-05,10561
Israel,2020-05-06,10843
Israel,2020-05-07,11103
Israel,2020-05-08,11318
Israel,2020-05-09,11402
Israel,2020-05-10,11649
Israel,2020-05-11,11940
Israel,2020-05-12,12195
Israel,2020-05-13,12398
Israel,2020-05-14,12648
Israel,2020-05-15,12793
Israel,2020-05-16,12880
Israel,2020-05-17,13062
Israel,2020-05-18,13346
Israel,2020-05-19,13485
Israel,2020-05-20,13613
Israel,2020-05-21,13780
Israel,2020-05-22,13925
Israel,2020-05-23,13976
Israel,2020-05-24,14121
Israel,2020-05-25,14252
Israel,2020-05-26,14352
Israel,2020-05-27,14414
Israel,2020-05-28,14532
Israel,2020-05-29,14568
Israel,2020-05-30,14608
Israel,2020-05-31,14675
Israel,2020-06-01,14765
Israel,2020-06-02,14821
Israel,2020-06-03,14851
Israel,2020-06-04,14894
Israel,2020-06-05,14936
Israel,2020-06-06,14963
Israel,2020-06-07,15017
Israel,2020-06-08,15063
Israel,2020-06-09,15109
Israel,2020-06-10,15173
Israel,2020-06-11,15239
Israel,2020-06-12,15295
Israel,2020-06-13,15334
Israel,2020-06-14,15386
Israel,2020-06-15,15480
Israel,2020-06-16,15534
Israel,2020-06-17,15584
Israel,2020-06-18,15654
Israel,2020-06-19,15701
Israel,2020-06-20,15734
Israel,2020-06-21,15792
Israel,2020-06-22,15860
Israel,2020-06-23,15950
Israel,2020-06-24,16017
Israel,2020-06-25,16103
Israel,2020-06-26,16239
Israel,2020-06-27,16287
Russia,2020-01-22,0
Russia,2020-01-23,0
Russia,2020-01-24,0
Russia,2020-01-25,0
Russia,2020-01-26,0
Russia,2020-01-27,0
Russia,2020-01-28,0
Russia,2020-01-29,0
Russia,2020-01-30,0
Russia,2020-01-31,0
Russia,2020-02-01,0
Russia,2020-02-02,0
Russia,2020-02-03,0
Russia,2020-02-04,0
Russia,2020-02-05,0
Russia,2020-02-06,0
Russia,2020-02-07,0
Russia,2020-02-08,0
Russia,2020-02-09,0
Russia,2020-02-10,0
Russia,2020-02-11,0
Russia,2020-02-12,2
Russia,2020-02-13,2
Russia,2020-02-14,2
Russia,2020-02-15,2
Russia,2020-02-16,2
Russia,2020-02-17,2
Russia,2020-02-18,2
Russia,2020-02-19,2
Russia,2020-02-20,2
Russia,2020-02-21,2
Russia,2020-02-22,2
Russia,2020-02-23,2
Russia,2020-02-24,2
Russia,2020-02-25,2
Russia,2020-02-26,2
Russia,2020-02-27,2
Russia,2020-02-28,2
Russia,2020-02-29,2
Russia,2020-03-01,2
Russia,2020-03-02,2
Russia,2020-03-03,2
Russia,2020-03-04,2
Russia,2020-03-05,2
Russia,2020-03-06,2
Russia,2020-03-07,2
Russia,2020-03-08,3
Russia,2020-03-09,3
Russia,2020-03-10,3
Russia,2020-03-11,3
Russia,2020-03-12,3
Russia,2020-03-13,3
Russia,2020-03-14,8
Russia,2020-03-15,8
Russia,2020-03-16,8
Russia,2020-03-17,8
Russia,2020-03-18,8
Russia,2020-03-19,9
Russia,2020-03-20,9
Russia,2020-03-21,12
Russia,2020-03-22,16
Russia,2020-03-23,16
Russia,2020-03-24,22
Russia,2020-03-25,29
Russia,2020-03-26,38
Russia,2020-03-27,45
Russia,2020-03-28,49
Russia,2020-03-29,64
Russia,2020-03-30,66
Russia,2020-03-31,121
Russia,2020-04-01,190
Russia,2020-04-02,235
Russia,2020-04-03,281
Russia,2020-04-04,333
Russia,2020-04-05,355
Russia,2020-04-06,406
Russia,2020-04-07,494
Russia,2020-04-08,580
Russia,2020-04-09,698
Russia,2020-04-10,795
Russia,2020-04-11,1045
Russia,2020-04-12,1291
Russia,2020-04-13,1470
Russia,2020-04-14,1694
Russia,2020-04-15,1986
Russia,2020-04-16,2304
Russia,2020-04-17,2590
Russia,2020-04-18,3057
Russia,2020-04-19,3291
Russia,2020-04-20,3446
Russia,2020-04-21,3873
Russia,2020-04-22,4420
Russia,2020-04-23,4891
Russia,2020-04-24,5568
Russia,2020-04-25,6250
Russia,2020-04-26,6767
Russia,2020-04-27,7346
Russia,2020-04-28,8456
Russia,2020-04-29,10286
Russia,2020-04-30,11619
Russia,2020-05-01,13220
Russia,2020-05-02,15013
Russia,2020-05-03,16639
Russia,2020-05-04,18095
Russia,2020-05-05,19865
Russia,2020-05-06,21327
Russia,2020-05-07,23803
Russia,2020-05-08,26608
Russia,2020-05-09,31916
Russia,2020-05-10,34306
Russia,2020-05-11,39801
Russia,2020-05-12,43512
Russia,2020-05-13,48003
Russia,2020-05-14,53530
Russia,2020-05-15,58226
Russia,2020-05-16,63166
Russia,2020-05-17,67373
Russia,2020-05-18,70209
Russia,2020-05-19,76130
Russia,2020-05-20,85392
Russia,2020-05-21,92681
Russia,2020-05-22,99825
Russia,2020-05-23,107936
Russia,2020-05-24,113299
Russia,2020-05-25,118798
Russia,2020-05-26,131129
Russia,2020-05-27,142208
Russia,2020-05-28,150993
Russia,2020-05-29,159257
Russia,2020-05-30,167469
Russia,2020-05-31,171883
Russia,2020-06-01,175514
Russia,2020-06-02,186602
Russia,2020-06-03,195559
Russia,2020-06-04,204197
Russia,2020-06-05,212237
Russia,2020-06-06,220935
Russia,2020-06-07,226272
Russia,2020-06-08,230226
Russia,2020-06-09,241917
Russia,2020-06-10,252295
Russia,2020-06-11,260649
Russia,2020-06-12,268862
Russia,2020-06-13,274128
Russia,2020-06-14,279536
Russia,2020-06-15,284021
Russia,2020-06-16,293780
Russia,2020-06-17,303800
Russia,2020-06-18,313409
Russia,2020-06-19,323851
Russia,2020-06-20,334024
Russia,2020-06-21,339142
Russia,2020-06-22,343847
Russia,2020-06-23,355847
Russia,2020-06-24,368222
Russia,2020-06-25,374557
Russia,2020-06-26,383524
Russia,2020-06-27,392703
US,2020-01-22,0
US,2020-01-23,0
US,2020-01-24,0
US,2020-01-25,0
US,2020-01-26,0
US,2020-01-27,0
US,2020-01-28,0
US,2020-01-29,0
US,2020-01-30,0
US,2020-01-31,0
US,2020-02-01,0
US,2020-02-02,0
US,2020-02-03,0
US,2020-02-04,0
US,2020-02-05,0
US,2020-02-06,0
US,2020-02-07,0
US,2020-02-08,0
US,2020-02-09,3
US,2020-02-10,3
US,2020-02-11,3
US,2020-02-12,3
US,2020-02-13,3
US,2020-02-14,3
US,2020-02-15,3
US,2020-02-16,3
US,2020-02-17,3
US,2020-02-18,3
US,2020-02-19,3
US,2020-02-20,3
US,2020-02-21,5
US,2020-02-22,5
US,2020-02-23,5
US,2020-02-24,5
US,2020-02-25,6
US,2020-02-26,6
US,2020-02-27,6
US,2020-02-28,7
US,2020-02-29,7
US,2020-03-01,7
US,2020-03-02,7
US,2020-03-03,7
US,2020-03-04,7
US,2020-03-05,7
US,2020-03-06,7
US,2020-03-07,7
US,2020-03-08,7
US,2020-03-09,7
US,2020-03-10,8
US,2020-03-11,8
US,2020-03-12,12
US,2020-03-13,12
US,2020-03-14,12
US,2020-03-15,12
US,2020-03-16,17
US,2020-03-17,17
US,2020-03-18,105
US,2020-03-19,121
US,2020-03-20,147
US,2020-03-21,176
US,2020-03-22,178
US,2020-03-23,178
US,2020-03-24,348
US,2020-03-25,361
US,2020-03-26,681
US,2020-03-27,869
US,2020-03-28,1072
US,2020-03-29,2665
US,2020-03-30,5644
US,2020-03-31,7024
US,2020-04-01,8474
US,2020-04-02,9001
US,2020-04-03,9707
US,2020-04-04,14652
US,2020-04-05,17448
US,2020-04-06,19581
US,2020-04-07,21763
US,2020-04-08,23559
US,2020-04-09,25410
US,2020-04-10,28790
US,2020-04-11,31270
US,2020-04-12,32988
US,2020-04-13,43482
US,2020-04-14,47763
US,2020-04-15,52096
US,2020-04-16,54703
US,2020-04-17,58545
US,2020-04-18,64840
US,2020-04-19,70337
US,2020-04-20,72329
US,2020-04-21,75204
US,2020-04-22,77366
US,2020-04-23,80203
US,2020-04-24,99079
US,2020-04-25,100372
US,2020-04-26,106988
US,2020-04-27,111424
US,2020-04-28,115936
US,2020-04-29,120720
US,2020-04-30,153947
US,2020-05-01,164015
US,2020-05-02,175382
US,2020-05-03,180152
US,2020-05-04,187180
US,2020-05-05,189791
US,2020-05-06,189910
US,2020-05-07,195036
US,2020-05-08,198993
US,2020-05-09,212534
US,2020-05-10,216169
US,2020-05-11,232733
US,2020-05-12,230287
US,2020-05-13,243430
US,2020-05-14,246414
US,2020-05-15,250747
US,2020-05-16,268376
US,2020-05-17,272265
US,2020-05-18,283178
US,2020-05-19,289392
US,2020-05-20,294312
US,2020-05-21,298418
US,2020-05-22,350135
US,2020-05-23,361239
US,2020-05-24,366736
US,2020-05-25,379157
US,2020-05-26,384902
US,2020-05-27,391508
US,2020-05-28,399991
US,2020-05-29,406446
US,2020-05-30,416461
US,2020-05-31,444758
US,2020-06-01,458231
US,2020-06-02,463868
US,2020-06-03,479258
US,2020-06-04,485002
US,2020-06-05,491706
US,2020-06-06,500849
US,2020-06-07,506367
US,2020-06-08,518522
US,2020-06-09,524855
US,2020-06-10,533504
US,2020-06-11,540292
US,2020-06-12,547386
US,2020-06-13,556606
US,2020-06-14,561816
US,2020-06-15,576334
US,2020-06-16,583503
US,2020-06-17,592191
US,2020-06-18,599115
US,2020-06-19,606715
US,2020-06-20,617460
US,2020-06-21,622133
US,2020-06-22,640198
US,2020-06-23,647548
US,2020-06-24,656161
US,2020-06-25,663562
US,2020-06-26,670809
US,2020-06-27,679308
